<?xml version="1.0" encoding="UTF-8"?><application id="Application_ID" version="1.4" xmlns="http://java.sun.com/xml/ns/j2ee" xmlns:xsi="http://www.w3.org/2001/XMLSchema-instance" xsi:schemaLocation="http://java.sun.com/xml/ns/j2ee http://java.sun.com/xml/ns/j2ee/application_1_4.xsd">
    <display-name>Aprendoz_Matriculas</display-name>
    <module>
        <web>
            <web-uri>Aprendoz_Matriculas.war</web-uri>
            <context-root>/Aprendoz_Matriculas</context-root>
        </web>
    </module>
</application>