<?xml version="1.0" encoding="UTF-8" standalone="yes"?>
<beans xsi:schemaLocation="http://www.springframework.org/schema/beans http://www.springframework.org/schema/beans/spring-beans-2.0.xsd" xmlns="http://www.springframework.org/schema/beans" xmlns:xsi="http://www.w3.org/2001/XMLSchema-instance">
    <bean scope="singleton" parent="typeManagerBase" class="com.wavemaker.runtime.service.TypeManager" id="typeManager">
        <property name="types">
            <map merge="true">
                <entry key="Anual">
                    <list>
                        <value>com.wavemaker.runtime.server.DownloadResponse</value>
                    </list>
                </entry>
                <entry key="JSCreaMatricula">
                    <list/>
                </entry>
                <entry key="Mensualidad">
                    <list/>
                </entry>
                <entry key="aprendoz_desarrollo">
                    <list>
                        <value>com.aprendoz_desarrollo.data.Actividad</value>
                        <value>com.aprendoz_desarrollo.data.ActualizacionDatosPersona</value>
                        <value>com.aprendoz_desarrollo.data.ActualizacionGrupoFamiliar</value>
                        <value>com.aprendoz_desarrollo.data.AdministracionVistaAsignaturas</value>
                        <value>com.aprendoz_desarrollo.data.AdministracionVistaAsignaturasCurso</value>
                        <value>com.aprendoz_desarrollo.data.AdministracionVistaInscAlumAsig</value>
                        <value>com.aprendoz_desarrollo.data.AdministracionVistaInscAlumnCurso</value>
                        <value>com.aprendoz_desarrollo.data.AdministracionVistaPersonas</value>
                        <value>com.aprendoz_desarrollo.data.Anticipos</value>
                        <value>com.aprendoz_desarrollo.data.Anuncio</value>
                        <value>com.aprendoz_desarrollo.data.AprEsperados</value>
                        <value>com.aprendoz_desarrollo.data.AprLogrados</value>
                        <value>com.aprendoz_desarrollo.data.Aprendizaje</value>
                        <value>com.aprendoz_desarrollo.data.Area</value>
                        <value>com.aprendoz_desarrollo.data.Asignatura</value>
                        <value>com.aprendoz_desarrollo.data.Asistencia</value>
                        <value>com.aprendoz_desarrollo.data.BimestreSy</value>
                        <value>com.aprendoz_desarrollo.data.CafeteriaGartinuras</value>
                        <value>com.aprendoz_desarrollo.data.CafeteriaMenu</value>
                        <value>com.aprendoz_desarrollo.data.CafeteriaPostres</value>
                        <value>com.aprendoz_desarrollo.data.CafeteriaProteina</value>
                        <value>com.aprendoz_desarrollo.data.CafeteriaSopas</value>
                        <value>com.aprendoz_desarrollo.data.CafeteriaTipoOpcion</value>
                        <value>com.aprendoz_desarrollo.data.CalifEst</value>
                        <value>com.aprendoz_desarrollo.data.CalifEstCopy</value>
                        <value>com.aprendoz_desarrollo.data.CalificacionFinal</value>
                        <value>com.aprendoz_desarrollo.data.Coordinacion</value>
                        <value>com.aprendoz_desarrollo.data.CoordinacionDeGrupo</value>
                        <value>com.aprendoz_desarrollo.data.Coordinadores</value>
                        <value>com.aprendoz_desarrollo.data.CortesAnuales</value>
                        <value>com.aprendoz_desarrollo.data.Costos</value>
                        <value>com.aprendoz_desarrollo.data.Cronograma</value>
                        <value>com.aprendoz_desarrollo.data.CurriculoGrado</value>
                        <value>com.aprendoz_desarrollo.data.Curso</value>
                        <value>com.aprendoz_desarrollo.data.Davivienda</value>
                        <value>com.aprendoz_desarrollo.data.DimensionComprension</value>
                        <value>com.aprendoz_desarrollo.data.DimensionCurricular</value>
                        <value>com.aprendoz_desarrollo.data.DirectoresDocentesListadoReportes</value>
                        <value>com.aprendoz_desarrollo.data.DocentesAsistenciaAsistencias</value>
                        <value>com.aprendoz_desarrollo.data.DocentesInicioVistaDetallesAcceso</value>
                        <value>com.aprendoz_desarrollo.data.DocentesInscCursoAsignatura</value>
                        <value>com.aprendoz_desarrollo.data.DocentesVistaAprendizajesAsignatura</value>
                        <value>com.aprendoz_desarrollo.data.DocentesVistaAsignaturaGrado</value>
                        <value>com.aprendoz_desarrollo.data.DocentesVistaAsignaturas</value>
                        <value>com.aprendoz_desarrollo.data.DocentesVistaCalificacionFinal</value>
                        <value>com.aprendoz_desarrollo.data.DocentesVistaDristribucionAlumnosCursos</value>
                        <value>com.aprendoz_desarrollo.data.DocentesVistaInscAlumnAsig</value>
                        <value>com.aprendoz_desarrollo.data.DocentesVistaInscAlumnAsigDemografica</value>
                        <value>com.aprendoz_desarrollo.data.DocentesVistaPersonasDemografica</value>
                        <value>com.aprendoz_desarrollo.data.Eje</value>
                        <value>com.aprendoz_desarrollo.data.EstadoDepartamento</value>
                        <value>com.aprendoz_desarrollo.data.EventualidadPersonas</value>
                        <value>com.aprendoz_desarrollo.data.Eventualidades</value>
                        <value>com.aprendoz_desarrollo.data.FichaMedica</value>
                        <value>com.aprendoz_desarrollo.data.Formulario5a</value>
                        <value>com.aprendoz_desarrollo.data.Foto</value>
                        <value>com.aprendoz_desarrollo.data.Grado</value>
                        <value>com.aprendoz_desarrollo.data.GrupoFamiliar</value>
                        <value>com.aprendoz_desarrollo.data.Horario</value>
                        <value>com.aprendoz_desarrollo.data.ImportacionAlmnosTransporte</value>
                        <value>com.aprendoz_desarrollo.data.ImportacionCartera</value>
                        <value>com.aprendoz_desarrollo.data.ImportacionCarteraCopy</value>
                        <value>com.aprendoz_desarrollo.data.ImportacionDavivienda</value>
                        <value>com.aprendoz_desarrollo.data.ImportacionDaviviendaCopy</value>
                        <value>com.aprendoz_desarrollo.data.ImportadorSapiens</value>
                        <value>com.aprendoz_desarrollo.data.InscAlumActividad</value>
                        <value>com.aprendoz_desarrollo.data.InscAlumAprendizaje</value>
                        <value>com.aprendoz_desarrollo.data.InscAlumArea</value>
                        <value>com.aprendoz_desarrollo.data.InscAlumAsig</value>
                        <value>com.aprendoz_desarrollo.data.InscAlumAsigCurso</value>
                        <value>com.aprendoz_desarrollo.data.InscAlumAsigCursoCompleto</value>
                        <value>com.aprendoz_desarrollo.data.InscAlumCosto</value>
                        <value>com.aprendoz_desarrollo.data.InscAlumCurso</value>
                        <value>com.aprendoz_desarrollo.data.InscAlumTransporte</value>
                        <value>com.aprendoz_desarrollo.data.InscCursoAsig</value>
                        <value>com.aprendoz_desarrollo.data.InscPersonaGrupoFamiliar</value>
                        <value>com.aprendoz_desarrollo.data.InscipcionesVistaAsignaturas</value>
                        <value>com.aprendoz_desarrollo.data.InscripcionesVistaInscAlumnCurso</value>
                        <value>com.aprendoz_desarrollo.data.Inteligencia</value>
                        <value>com.aprendoz_desarrollo.data.LogDocentes</value>
                        <value>com.aprendoz_desarrollo.data.LogEventos</value>
                        <value>com.aprendoz_desarrollo.data.Logeventosaprendoz</value>
                        <value>com.aprendoz_desarrollo.data.Matricula</value>
                        <value>com.aprendoz_desarrollo.data.Nacionalidades</value>
                        <value>com.aprendoz_desarrollo.data.Nivel</value>
                        <value>com.aprendoz_desarrollo.data.NivelEsperado</value>
                        <value>com.aprendoz_desarrollo.data.Novedades</value>
                        <value>com.aprendoz_desarrollo.data.OtrasMetas</value>
                        <value>com.aprendoz_desarrollo.data.PadresVistaActividades</value>
                        <value>com.aprendoz_desarrollo.data.PadresVistaAprendizajes</value>
                        <value>com.aprendoz_desarrollo.data.PadresVistaCalifFinal</value>
                        <value>com.aprendoz_desarrollo.data.PadresVistaInscAlumAsig</value>
                        <value>com.aprendoz_desarrollo.data.PadresVistaPersonas</value>
                        <value>com.aprendoz_desarrollo.data.PadresVistaPersonasPromocion</value>
                        <value>com.aprendoz_desarrollo.data.PadresVistaRecursos</value>
                        <value>com.aprendoz_desarrollo.data.Pais</value>
                        <value>com.aprendoz_desarrollo.data.Periodo</value>
                        <value>com.aprendoz_desarrollo.data.Persona</value>
                        <value>com.aprendoz_desarrollo.data.PersonaCarne</value>
                        <value>com.aprendoz_desarrollo.data.Promocion</value>
                        <value>com.aprendoz_desarrollo.data.PromocionVistaInscAlumnCurso</value>
                        <value>com.aprendoz_desarrollo.data.Recurso</value>
                        <value>com.aprendoz_desarrollo.data.ReporteDavivienda</value>
                        <value>com.aprendoz_desarrollo.data.Reportes</value>
                        <value>com.aprendoz_desarrollo.data.ReportesDependencias</value>
                        <value>com.aprendoz_desarrollo.data.ReportesTipoPersona</value>
                        <value>com.aprendoz_desarrollo.data.Rutas</value>
                        <value>com.aprendoz_desarrollo.data.Salon</value>
                        <value>com.aprendoz_desarrollo.data.Semana</value>
                        <value>com.aprendoz_desarrollo.data.ServiciosListadoServiciosAlumnos</value>
                        <value>com.aprendoz_desarrollo.data.Sesion</value>
                        <value>com.aprendoz_desarrollo.data.SesionNivel</value>
                        <value>com.aprendoz_desarrollo.data.Subarea</value>
                        <value>com.aprendoz_desarrollo.data.SubtipoEventualidad</value>
                        <value>com.aprendoz_desarrollo.data.Subtopico</value>
                        <value>com.aprendoz_desarrollo.data.Sy</value>
                        <value>com.aprendoz_desarrollo.data.TipoActividad</value>
                        <value>com.aprendoz_desarrollo.data.TipoAsistencia</value>
                        <value>com.aprendoz_desarrollo.data.TipoDependencia</value>
                        <value>com.aprendoz_desarrollo.data.TipoDesempeno</value>
                        <value>com.aprendoz_desarrollo.data.TipoDia</value>
                        <value>com.aprendoz_desarrollo.data.TipoEps</value>
                        <value>com.aprendoz_desarrollo.data.TipoEventualidad</value>
                        <value>com.aprendoz_desarrollo.data.TipoInscAsig</value>
                        <value>com.aprendoz_desarrollo.data.TipoLugar</value>
                        <value>com.aprendoz_desarrollo.data.TipoPeriodo</value>
                        <value>com.aprendoz_desarrollo.data.TipoPersona</value>
                        <value>com.aprendoz_desarrollo.data.TipoRecurso</value>
                        <value>com.aprendoz_desarrollo.data.TipoSemana</value>
                        <value>com.aprendoz_desarrollo.data.TipoSolicitud</value>
                        <value>com.aprendoz_desarrollo.data.TipoTransporte</value>
                        <value>com.aprendoz_desarrollo.data.TipoValoracion</value>
                        <value>com.aprendoz_desarrollo.data.TmpBoletin20122013</value>
                        <value>com.aprendoz_desarrollo.data.Unidad</value>
                        <value>com.aprendoz_desarrollo.data.VProfesorAsignatura</value>
                        <value>com.aprendoz_desarrollo.data.VProfesorAsignaturaCompleto</value>
                        <value>com.aprendoz_desarrollo.data.VistaEnvioCorreo</value>
                        <value>com.aprendoz_desarrollo.data.VistaInscAlumnCurso</value>
                        <value>com.aprendoz_desarrollo.data.VistaMatriculasGraficasTotalDia</value>
                        <value>com.aprendoz_desarrollo.data.VistaPadresRutasAlumnos</value>
                        <value>com.aprendoz_desarrollo.data.VistaPadresTransportePersonas</value>
                        <value>com.aprendoz_desarrollo.data.VistaPadresTransporteRutas</value>
                        <value>com.aprendoz_desarrollo.data.VistaPersonasGrupoFamiliar</value>
                        <value>com.aprendoz_desarrollo.data.TmpBoletin20122013Id</value>
                        <value>com.aprendoz_desarrollo.data.PromocionVistaInscAlumnCursoId</value>
                        <value>com.aprendoz_desarrollo.data.DocentesAsistenciaAsistenciasId</value>
                        <value>com.aprendoz_desarrollo.data.DocentesVistaAsignaturaGradoId</value>
                        <value>com.aprendoz_desarrollo.data.VistaInscAlumnCursoId</value>
                        <value>com.aprendoz_desarrollo.data.VistaPadresTransporteRutasId</value>
                        <value>com.aprendoz_desarrollo.data.AdministracionVistaPersonasId</value>
                        <value>com.aprendoz_desarrollo.data.DocentesVistaPersonasDemograficaId</value>
                        <value>com.aprendoz_desarrollo.data.DocentesVistaDristribucionAlumnosCursosId</value>
                        <value>com.aprendoz_desarrollo.data.PadresVistaCalifFinalId</value>
                        <value>com.aprendoz_desarrollo.data.CoordinadoresId</value>
                        <value>com.aprendoz_desarrollo.data.DirectoresDocentesListadoReportesId</value>
                        <value>com.aprendoz_desarrollo.data.VistaMatriculasGraficasTotalDiaId</value>
                        <value>com.aprendoz_desarrollo.data.CoordinacionId</value>
                        <value>com.aprendoz_desarrollo.data.DocentesVistaAprendizajesAsignaturaId</value>
                        <value>com.aprendoz_desarrollo.data.CalifEstId</value>
                        <value>com.aprendoz_desarrollo.data.VistaPersonasGrupoFamiliarId</value>
                        <value>com.aprendoz_desarrollo.data.PadresVistaRecursosId</value>
                        <value>com.aprendoz_desarrollo.data.InscripcionesVistaInscAlumnCursoId</value>
                        <value>com.aprendoz_desarrollo.data.DocentesVistaCalificacionFinalId</value>
                        <value>com.aprendoz_desarrollo.data.PadresVistaActividadesId</value>
                        <value>com.aprendoz_desarrollo.data.CurriculoGradoId</value>
                        <value>com.aprendoz_desarrollo.data.ServiciosListadoServiciosAlumnosId</value>
                        <value>com.aprendoz_desarrollo.data.DocentesVistaInscAlumnAsigId</value>
                        <value>com.aprendoz_desarrollo.data.CalifEstCopyId</value>
                        <value>com.aprendoz_desarrollo.data.AdministracionVistaInscAlumAsigId</value>
                        <value>com.aprendoz_desarrollo.data.PadresVistaPersonasId</value>
                        <value>com.aprendoz_desarrollo.data.VProfesorAsignaturaCompletoId</value>
                        <value>com.aprendoz_desarrollo.data.VistaEnvioCorreoId</value>
                        <value>com.aprendoz_desarrollo.data.AprLogradosId</value>
                        <value>com.aprendoz_desarrollo.data.VProfesorAsignaturaId</value>
                        <value>com.aprendoz_desarrollo.data.VistaPadresTransportePersonasId</value>
                        <value>com.aprendoz_desarrollo.data.DocentesVistaInscAlumnAsigDemograficaId</value>
                        <value>com.aprendoz_desarrollo.data.DocentesVistaAsignaturasId</value>
                        <value>com.aprendoz_desarrollo.data.AdministracionVistaInscAlumnCursoId</value>
                        <value>com.aprendoz_desarrollo.data.PadresVistaPersonasPromocionId</value>
                        <value>com.aprendoz_desarrollo.data.AdministracionVistaAsignaturasCursoId</value>
                        <value>com.aprendoz_desarrollo.data.InscAlumAsigCursoCompletoId</value>
                        <value>com.aprendoz_desarrollo.data.InscAlumAsigCursoId</value>
                        <value>com.aprendoz_desarrollo.data.DocentesInscCursoAsignaturaId</value>
                        <value>com.aprendoz_desarrollo.data.AprEsperadosId</value>
                        <value>com.aprendoz_desarrollo.data.VistaPadresRutasAlumnosId</value>
                        <value>com.aprendoz_desarrollo.data.PadresVistaAprendizajesId</value>
                        <value>com.aprendoz_desarrollo.data.AdministracionVistaAsignaturasId</value>
                        <value>com.aprendoz_desarrollo.data.DocentesInicioVistaDetallesAccesoId</value>
                        <value>com.aprendoz_desarrollo.data.PadresVistaInscAlumAsigId</value>
                        <value>com.aprendoz_desarrollo.data.InscipcionesVistaAsignaturasId</value>
                        <value>com.aprendoz_desarrollo.data.output.ShowInformationUserRtnType</value>
                        <value>com.aprendoz_desarrollo.data.output.GetUserDataRtnType</value>
                    </list>
                </entry>
                <entry key="contratoMatricula">
                    <list/>
                </entry>
                <entry key="matriculados">
                    <list/>
                </entry>
                <entry key="matriculadosGrado">
                    <list/>
                </entry>
                <entry key="pagare">
                    <list/>
                </entry>
                <entry key="runtimeService">
                    <list>
                        <value>com.wavemaker.runtime.service.PagingOptions</value>
                        <value>com.wavemaker.runtime.service.PropertyOptions</value>
                    </list>
                </entry>
                <entry key="screenshot">
                    <list/>
                </entry>
                <entry key="securityService">
                    <list/>
                </entry>
            </map>
        </property>
    </bean>
</beans>
