<!DOCTYPE hibernate-mapping PUBLIC "-//Hibernate/Hibernate Mapping DTD 3.0//EN" "http://hibernate.sourceforge.net/hibernate-mapping-3.0.dtd">
<hibernate-mapping>
    <class name="com.aprendoz_desarrollo.data.Sy" table="SY" catalog="aprendoz_desarrollo" dynamic-insert="false" dynamic-update="false">
        <id name="idSy" type="integer">
            <column name="Id_SY"/>
            <generator class="assigned"/>
        </id>
        <property name="schoolYear" type="string">
            <column name="School_year" length="45"/>
        </property>
        <set name="promocions" inverse="true">
            <key>
                <column name="SY_Id_Sy" not-null="true"/>
            </key>
            <one-to-many class="com.aprendoz_desarrollo.data.Promocion"/>
        </set>
        <set name="inscAlumCostos" inverse="true">
            <key>
                <column name="SY_Id_SY" not-null="true"/>
            </key>
            <one-to-many class="com.aprendoz_desarrollo.data.InscAlumCosto"/>
        </set>
        <set name="coordinacionDeGrupos" inverse="true">
            <key>
                <column name="SY_Id_SY" not-null="true"/>
            </key>
            <one-to-many class="com.aprendoz_desarrollo.data.CoordinacionDeGrupo"/>
        </set>
        <set name="inscAlumCursos" inverse="true">
            <key>
                <column name="SY_Id_SY" not-null="true"/>
            </key>
            <one-to-many class="com.aprendoz_desarrollo.data.InscAlumCurso"/>
        </set>
        <set name="bimestreSies" inverse="true">
            <key>
                <column name="sy_id_sy" not-null="true"/>
            </key>
            <one-to-many class="com.aprendoz_desarrollo.data.BimestreSy"/>
        </set>
        <set name="cronogramas" inverse="true">
            <key>
                <column name="sy_id_sy"/>
            </key>
            <one-to-many class="com.aprendoz_desarrollo.data.Cronograma"/>
        </set>
        <set name="semanas" inverse="true">
            <key>
                <column name="sy_id_sy"/>
            </key>
            <one-to-many class="com.aprendoz_desarrollo.data.Semana"/>
        </set>
        <set name="horarios" inverse="true">
            <key>
                <column name="sy_id_sy" not-null="true"/>
            </key>
            <one-to-many class="com.aprendoz_desarrollo.data.Horario"/>
        </set>
        <set name="periodos" inverse="true">
            <key>
                <column name="SY_Id_SY" not-null="true"/>
            </key>
            <one-to-many class="com.aprendoz_desarrollo.data.Periodo"/>
        </set>
        <set name="inscAlumAreas" inverse="true">
            <key>
                <column name="SY_id_SY" not-null="true"/>
            </key>
            <one-to-many class="com.aprendoz_desarrollo.data.InscAlumArea"/>
        </set>
        <set name="asignaturas" inverse="true">
            <key>
                <column name="SY_Id_SY" not-null="true"/>
            </key>
            <one-to-many class="com.aprendoz_desarrollo.data.Asignatura"/>
        </set>
        <set name="coordinadoreses" inverse="true">
            <key>
                <column name="SY_id_SY" not-null="true"/>
            </key>
            <one-to-many class="com.aprendoz_desarrollo.data.Coordinadores"/>
        </set>
        <set name="costoses" inverse="true">
            <key>
                <column name="SY_Id_SY" not-null="true"/>
            </key>
            <one-to-many class="com.aprendoz_desarrollo.data.Costos"/>
        </set>
        <set name="matriculas" inverse="true">
            <key>
                <column name="SY_Id_SY" not-null="true"/>
            </key>
            <one-to-many class="com.aprendoz_desarrollo.data.Matricula"/>
        </set>
        <set name="sesionNivels" inverse="true">
            <key>
                <column name="sy_id_sy"/>
            </key>
            <one-to-many class="com.aprendoz_desarrollo.data.SesionNivel"/>
        </set>
        <set name="coordinacions" inverse="true">
            <key>
                <column name="SY_Id_SY" not-null="true"/>
            </key>
            <one-to-many class="com.aprendoz_desarrollo.data.Coordinacion"/>
        </set>
    </class>
</hibernate-mapping>